{
    "configuration": {
        "img_size": 256,
        "batch_size": 4,
        "learning_rate": 0.0001,
        "num_epochs": 50,
        "device": "cuda"
    },
    "training_history": {
        "train_losses": [
            0.4205152402664053,
            0.3679181871743038,
            0.35719280638571443,
            0.3379983272531937,
            0.33863532055040885,
            0.3319058479933903,
            0.31925762701651145,
            0.31535882117419406,
            0.30467992918244724,
            0.3032831737193568,
            0.31049207109829474,
            0.2931449778121093,
            0.29496125517220334,
            0.2816445046457751,
            0.27119128354664507,
            0.28192186535432423,
            0.2724191479641816,
            0.2786092979126963,
            0.26748430163695897,
            0.26695015230055513,
            0.27305170482602614,
            0.2672469145778952,
            0.27089554970634394,
            0.26582059135724756,
            0.266038712242554,
            0.2649082736722354,
            0.2643328987318894,
            0.26704423386475135,
            0.2628658961119323,
            0.268300391990563,
            0.2658907552731448,
            0.26437993989936237,
            0.26356832785853024,
            0.27100124903793993,
            0.26596806660808364,
            0.2655679205882138,
            0.26205076559864243,
            0.257728803260573,
            0.2518407764105961,
            0.2578791218071148,
            0.262944745349473,
            0.26653893548866797,
            0.263717715339414,
            0.26108019310852576,
            0.26068537964903077,
            0.25975311264909545,
            0.2655238501470664,
            0.26462122772274344,
            0.263767472885806,
            0.25825832064809473
        ],
        "val_losses": [
            0.3314050773779551,
            0.32931275268395743,
            0.33561934729417164,
            0.32339931428432467,
            0.29676065941651664,
            0.30863721470038097,
            0.30241716901461285,
            0.29559314747651416,
            0.2832364499568939,
            0.29016982913017275,
            0.2834463427464167,
            0.2784802516301473,
            0.26970869302749634,
            0.25876179834206897,
            0.2582925448815028,
            0.2590489407380422,
            0.2555313775936762,
            0.2552879720926285,
            0.2508563607931137,
            0.2554756343364716,
            0.24975319802761078,
            0.24881682594617208,
            0.24985532859961193,
            0.2498346298933029,
            0.2536464124917984,
            0.24898341397444407,
            0.24872658749421436,
            0.24659128387769064,
            0.24742824733257293,
            0.24836907883485157,
            0.25133282045523325,
            0.2474192132552465,
            0.24472873707612355,
            0.2472070833047231,
            0.2461208373308182,
            0.2451746662457784,
            0.24638656775156656,
            0.2456941068172455,
            0.24699716766675314,
            0.24729999403158823,
            0.249458051721255,
            0.25084338784217836,
            0.24795128405094147,
            0.24986896415551504,
            0.24700038333733876,
            0.24575703938802082,
            0.2477796216805776,
            0.24949000378449757,
            0.24460842808087666,
            0.24724676410357158
        ],
        "val_dice_scores": [
            0.7135047276814779,
            0.7226506471633911,
            0.7013619005680084,
            0.7083274563153584,
            0.7391229073206583,
            0.7475744485855103,
            0.7415329774220785,
            0.7647660851478577,
            0.7586020628611246,
            0.7567768136660258,
            0.7655742685000102,
            0.7693761825561524,
            0.7721779028574626,
            0.7766220331192016,
            0.7788839856783549,
            0.7798334757486979,
            0.7769065101941427,
            0.7794206937154134,
            0.78206680615743,
            0.7786828557650248,
            0.7835083444913228,
            0.7840423425038655,
            0.7843211690584818,
            0.7874296267827352,
            0.7813467661539714,
            0.785707974433899,
            0.7869189302126567,
            0.7850134213765462,
            0.7876466949780782,
            0.7867863933245342,
            0.7840524196624756,
            0.7868553082148234,
            0.7887459993362427,
            0.7889464735984802,
            0.7897315621376038,
            0.7867011070251465,
            0.7867495139439901,
            0.7879739880561829,
            0.7899855335553487,
            0.7888529260953268,
            0.7908754785855611,
            0.7875660141309102,
            0.7876481056213379,
            0.7881306290626526,
            0.7909197688102723,
            0.788781742254893,
            0.7898801326751709,
            0.7859398563702901,
            0.79050745566686,
            0.7888229012489318
        ]
    },
    "test_results": {
        "avg_dice_score": 0.8486134886741639,
        "avg_iou_score": 0.7439199328422547,
        "batch_results": [
            {
                "batch": 0,
                "dice_score": 0.9195882081985474,
                "iou_score": 0.8511461019515991
            },
            {
                "batch": 1,
                "dice_score": 0.8037468194961548,
                "iou_score": 0.6718868613243103
            },
            {
                "batch": 2,
                "dice_score": 0.8967874646186829,
                "iou_score": 0.8128873109817505
            },
            {
                "batch": 3,
                "dice_score": 0.9147295355796814,
                "iou_score": 0.8428585529327393
            },
            {
                "batch": 4,
                "dice_score": 0.8297996520996094,
                "iou_score": 0.7091090679168701
            },
            {
                "batch": 5,
                "dice_score": 0.6497853994369507,
                "iou_score": 0.4812459945678711
            },
            {
                "batch": 6,
                "dice_score": 0.8722086548805237,
                "iou_score": 0.7733777165412903
            },
            {
                "batch": 7,
                "dice_score": 0.8237497210502625,
                "iou_score": 0.7003183960914612
            },
            {
                "batch": 8,
                "dice_score": 0.9166207909584045,
                "iou_score": 0.8460756540298462
            },
            {
                "batch": 9,
                "dice_score": 0.9214497208595276,
                "iou_score": 0.8543409705162048
            },
            {
                "batch": 10,
                "dice_score": 0.8530548810958862,
                "iou_score": 0.7437625527381897
            },
            {
                "batch": 11,
                "dice_score": 0.8705360889434814,
                "iou_score": 0.7707515358924866
            },
            {
                "batch": 12,
                "dice_score": 0.8249784111976624,
                "iou_score": 0.7020964026451111
            },
            {
                "batch": 13,
                "dice_score": 0.7245316505432129,
                "iou_score": 0.5680514574050903
            },
            {
                "batch": 14,
                "dice_score": 0.9076353311538696,
                "iou_score": 0.830890417098999
            }
        ]
    },
    "dataset_info": {
        "train_samples": 231,
        "val_samples": 58,
        "total_batches_tested": 15
    }
}